{
	"credit": "Made with Blockbench",
	"textures": {
		"0": "johnpaulinso/cape1",
		"1": "johnpaulinso/cape2",
		"2": "johnpaulinso/cape3",
		"particle": "johnpaulinso/cape1"
	},
	"elements": [
		{
			"name": "Untitled-1_0",
			"from": [0, 0, 26],
			"to": [2, 2, 28],
			"faces": {
				"north": {"uv": [2, 0, 0, 2], "texture": "#0"},
				"east": {"uv": [0, 0, 2, 2], "rotation": 90, "texture": "#0"},
				"south": {"uv": [0, 0, 2, 2], "texture": "#0"},
				"west": {"uv": [0, 0, 2, 2], "rotation": 270, "texture": "#0"},
				"up": {"uv": [0, 0, 2, 2], "texture": "#0"},
				"down": {"uv": [0, 2, 2, 0], "texture": "#0"}
			}
		},
		{
			"name": "Untitled-1_1",
			"from": [2, 0, 26],
			"to": [4, 2, 28],
			"faces": {
				"north": {"uv": [4, 0, 2, 2], "texture": "#0"},
				"east": {"uv": [2, 0, 4, 2], "rotation": 90, "texture": "#0"},
				"south": {"uv": [2, 0, 4, 2], "texture": "#0"},
				"west": {"uv": [2, 0, 4, 2], "rotation": 270, "texture": "#0"},
				"up": {"uv": [2, 0, 4, 2], "texture": "#0"},
				"down": {"uv": [2, 2, 4, 0], "texture": "#0"}
			}
		},
		{
			"name": "Untitled-1_2",
			"from": [4, 0, 26],
			"to": [6, 2, 28],
			"faces": {
				"north": {"uv": [6, 0, 4, 2], "texture": "#0"},
				"east": {"uv": [4, 0, 6, 2], "rotation": 90, "texture": "#0"},
				"south": {"uv": [4, 0, 6, 2], "texture": "#0"},
				"west": {"uv": [4, 0, 6, 2], "rotation": 270, "texture": "#0"},
				"up": {"uv": [4, 0, 6, 2], "texture": "#0"},
				"down": {"uv": [4, 2, 6, 0], "texture": "#0"}
			}
		},
		{
			"name": "Untitled-1_3",
			"from": [6, 0, 26],
			"to": [8, 2, 28],
			"faces": {
				"north": {"uv": [8, 0, 6, 2], "texture": "#0"},
				"east": {"uv": [6, 0, 8, 2], "rotation": 90, "texture": "#0"},
				"south": {"uv": [6, 0, 8, 2], "texture": "#0"},
				"west": {"uv": [6, 0, 8, 2], "rotation": 270, "texture": "#0"},
				"up": {"uv": [6, 0, 8, 2], "texture": "#0"},
				"down": {"uv": [6, 2, 8, 0], "texture": "#0"}
			}
		},
		{
			"name": "Untitled-1_4",
			"from": [8, 0, 26],
			"to": [10, 2, 28],
			"faces": {
				"north": {"uv": [10, 0, 8, 2], "texture": "#0"},
				"east": {"uv": [8, 0, 10, 2], "rotation": 90, "texture": "#0"},
				"south": {"uv": [8, 0, 10, 2], "texture": "#0"},
				"west": {"uv": [8, 0, 10, 2], "rotation": 270, "texture": "#0"},
				"up": {"uv": [8, 0, 10, 2], "texture": "#0"},
				"down": {"uv": [8, 2, 10, 0], "texture": "#0"}
			}
		},
		{
			"name": "Untitled-1_5",
			"from": [10, 0, 26],
			"to": [12, 2, 28],
			"faces": {
				"north": {"uv": [12, 0, 10, 2], "texture": "#0"},
				"east": {"uv": [10, 0, 12, 2], "rotation": 90, "texture": "#0"},
				"south": {"uv": [10, 0, 12, 2], "texture": "#0"},
				"west": {"uv": [10, 0, 12, 2], "rotation": 270, "texture": "#0"},
				"up": {"uv": [10, 0, 12, 2], "texture": "#0"},
				"down": {"uv": [10, 2, 12, 0], "texture": "#0"}
			}
		},
		{
			"name": "Untitled-1_6",
			"from": [12, 0, 26],
			"to": [14, 2, 28],
			"faces": {
				"north": {"uv": [14, 0, 12, 2], "texture": "#0"},
				"east": {"uv": [12, 0, 14, 2], "rotation": 90, "texture": "#0"},
				"south": {"uv": [12, 0, 14, 2], "texture": "#0"},
				"west": {"uv": [12, 0, 14, 2], "rotation": 270, "texture": "#0"},
				"up": {"uv": [12, 0, 14, 2], "texture": "#0"},
				"down": {"uv": [12, 2, 14, 0], "texture": "#0"}
			}
		},
		{
			"name": "Untitled-1_7",
			"from": [14, 0, 26],
			"to": [16, 2, 28],
			"faces": {
				"north": {"uv": [16, 0, 14, 2], "texture": "#0"},
				"east": {"uv": [14, 0, 16, 2], "rotation": 90, "texture": "#0"},
				"south": {"uv": [14, 0, 16, 2], "texture": "#0"},
				"west": {"uv": [14, 0, 16, 2], "rotation": 270, "texture": "#0"},
				"up": {"uv": [14, 0, 16, 2], "texture": "#0"},
				"down": {"uv": [14, 2, 16, 0], "texture": "#0"}
			}
		},
		{
			"name": "Untitled-1_8",
			"from": [0, 0, 28],
			"to": [2, 2, 30],
			"faces": {
				"north": {"uv": [2, 2, 0, 4], "texture": "#0"},
				"east": {"uv": [0, 2, 2, 4], "rotation": 90, "texture": "#0"},
				"south": {"uv": [0, 2, 2, 4], "texture": "#0"},
				"west": {"uv": [0, 2, 2, 4], "rotation": 270, "texture": "#0"},
				"up": {"uv": [0, 2, 2, 4], "texture": "#0"},
				"down": {"uv": [0, 4, 2, 2], "texture": "#0"}
			}
		},
		{
			"name": "Untitled-1_9",
			"from": [2, 0, 28],
			"to": [4, 2, 30],
			"faces": {
				"north": {"uv": [4, 2, 2, 4], "texture": "#0"},
				"east": {"uv": [2, 2, 4, 4], "rotation": 90, "texture": "#0"},
				"south": {"uv": [2, 2, 4, 4], "texture": "#0"},
				"west": {"uv": [2, 2, 4, 4], "rotation": 270, "texture": "#0"},
				"up": {"uv": [2, 2, 4, 4], "texture": "#0"},
				"down": {"uv": [2, 4, 4, 2], "texture": "#0"}
			}
		},
		{
			"name": "Untitled-1_10",
			"from": [4, 0, 28],
			"to": [6, 2, 30],
			"faces": {
				"north": {"uv": [6, 2, 4, 4], "texture": "#0"},
				"east": {"uv": [4, 2, 6, 4], "rotation": 90, "texture": "#0"},
				"south": {"uv": [4, 2, 6, 4], "texture": "#0"},
				"west": {"uv": [4, 2, 6, 4], "rotation": 270, "texture": "#0"},
				"up": {"uv": [4, 2, 6, 4], "texture": "#0"},
				"down": {"uv": [4, 4, 6, 2], "texture": "#0"}
			}
		},
		{
			"name": "Untitled-1_11",
			"from": [6, 0, 28],
			"to": [8, 2, 30],
			"faces": {
				"north": {"uv": [8, 2, 6, 4], "texture": "#0"},
				"east": {"uv": [6, 2, 8, 4], "rotation": 90, "texture": "#0"},
				"south": {"uv": [6, 2, 8, 4], "texture": "#0"},
				"west": {"uv": [6, 2, 8, 4], "rotation": 270, "texture": "#0"},
				"up": {"uv": [6, 2, 8, 4], "texture": "#0"},
				"down": {"uv": [6, 4, 8, 2], "texture": "#0"}
			}
		},
		{
			"name": "Untitled-1_12",
			"from": [8, 0, 28],
			"to": [10, 2, 30],
			"faces": {
				"north": {"uv": [10, 2, 8, 4], "texture": "#0"},
				"east": {"uv": [8, 2, 10, 4], "rotation": 90, "texture": "#0"},
				"south": {"uv": [8, 2, 10, 4], "texture": "#0"},
				"west": {"uv": [8, 2, 10, 4], "rotation": 270, "texture": "#0"},
				"up": {"uv": [8, 2, 10, 4], "texture": "#0"},
				"down": {"uv": [8, 4, 10, 2], "texture": "#0"}
			}
		},
		{
			"name": "Untitled-1_13",
			"from": [10, 0, 28],
			"to": [12, 2, 30],
			"faces": {
				"north": {"uv": [12, 2, 10, 4], "texture": "#0"},
				"east": {"uv": [10, 2, 12, 4], "rotation": 90, "texture": "#0"},
				"south": {"uv": [10, 2, 12, 4], "texture": "#0"},
				"west": {"uv": [10, 2, 12, 4], "rotation": 270, "texture": "#0"},
				"up": {"uv": [10, 2, 12, 4], "texture": "#0"},
				"down": {"uv": [10, 4, 12, 2], "texture": "#0"}
			}
		},
		{
			"name": "Untitled-1_14",
			"from": [12, 0, 28],
			"to": [14, 2, 30],
			"faces": {
				"north": {"uv": [14, 2, 12, 4], "texture": "#0"},
				"east": {"uv": [12, 2, 14, 4], "rotation": 90, "texture": "#0"},
				"south": {"uv": [12, 2, 14, 4], "texture": "#0"},
				"west": {"uv": [12, 2, 14, 4], "rotation": 270, "texture": "#0"},
				"up": {"uv": [12, 2, 14, 4], "texture": "#0"},
				"down": {"uv": [12, 4, 14, 2], "texture": "#0"}
			}
		},
		{
			"name": "Untitled-1_15",
			"from": [14, 0, 28],
			"to": [16, 2, 30],
			"faces": {
				"north": {"uv": [16, 2, 14, 4], "texture": "#0"},
				"east": {"uv": [14, 2, 16, 4], "rotation": 90, "texture": "#0"},
				"south": {"uv": [14, 2, 16, 4], "texture": "#0"},
				"west": {"uv": [14, 2, 16, 4], "rotation": 270, "texture": "#0"},
				"up": {"uv": [14, 2, 16, 4], "texture": "#0"},
				"down": {"uv": [14, 4, 16, 2], "texture": "#0"}
			}
		},
		{
			"name": "Untitled-1_16",
			"from": [0, 0, 30],
			"to": [2, 2, 32],
			"faces": {
				"north": {"uv": [2, 4, 0, 6], "texture": "#0"},
				"east": {"uv": [0, 4, 2, 6], "rotation": 90, "texture": "#0"},
				"south": {"uv": [0, 4, 2, 6], "texture": "#0"},
				"west": {"uv": [0, 4, 2, 6], "rotation": 270, "texture": "#0"},
				"up": {"uv": [0, 4, 2, 6], "texture": "#0"},
				"down": {"uv": [0, 6, 2, 4], "texture": "#0"}
			}
		},
		{
			"name": "Untitled-1_17",
			"from": [2, 0, 30],
			"to": [4, 2, 32],
			"faces": {
				"north": {"uv": [4, 4, 2, 6], "texture": "#0"},
				"east": {"uv": [2, 4, 4, 6], "rotation": 90, "texture": "#0"},
				"south": {"uv": [2, 4, 4, 6], "texture": "#0"},
				"west": {"uv": [2, 4, 4, 6], "rotation": 270, "texture": "#0"},
				"up": {"uv": [2, 4, 4, 6], "texture": "#0"},
				"down": {"uv": [2, 6, 4, 4], "texture": "#0"}
			}
		},
		{
			"name": "Untitled-1_18",
			"from": [4, 0, 30],
			"to": [6, 2, 32],
			"faces": {
				"north": {"uv": [6, 4, 4, 6], "texture": "#0"},
				"east": {"uv": [4, 4, 6, 6], "rotation": 90, "texture": "#0"},
				"south": {"uv": [4, 4, 6, 6], "texture": "#0"},
				"west": {"uv": [4, 4, 6, 6], "rotation": 270, "texture": "#0"},
				"up": {"uv": [4, 4, 6, 6], "texture": "#0"},
				"down": {"uv": [4, 6, 6, 4], "texture": "#0"}
			}
		},
		{
			"name": "Untitled-1_19",
			"from": [6, 0, 30],
			"to": [8, 2, 32],
			"faces": {
				"north": {"uv": [8, 4, 6, 6], "texture": "#0"},
				"east": {"uv": [6, 4, 8, 6], "rotation": 90, "texture": "#0"},
				"south": {"uv": [6, 4, 8, 6], "texture": "#0"},
				"west": {"uv": [6, 4, 8, 6], "rotation": 270, "texture": "#0"},
				"up": {"uv": [6, 4, 8, 6], "texture": "#0"},
				"down": {"uv": [6, 6, 8, 4], "texture": "#0"}
			}
		},
		{
			"name": "Untitled-1_20",
			"from": [8, 0, 30],
			"to": [10, 2, 32],
			"faces": {
				"north": {"uv": [10, 4, 8, 6], "texture": "#0"},
				"east": {"uv": [8, 4, 10, 6], "rotation": 90, "texture": "#0"},
				"south": {"uv": [8, 4, 10, 6], "texture": "#0"},
				"west": {"uv": [8, 4, 10, 6], "rotation": 270, "texture": "#0"},
				"up": {"uv": [8, 4, 10, 6], "texture": "#0"},
				"down": {"uv": [8, 6, 10, 4], "texture": "#0"}
			}
		},
		{
			"name": "Untitled-1_21",
			"from": [10, 0, 30],
			"to": [12, 2, 32],
			"faces": {
				"north": {"uv": [12, 4, 10, 6], "texture": "#0"},
				"east": {"uv": [10, 4, 12, 6], "rotation": 90, "texture": "#0"},
				"south": {"uv": [10, 4, 12, 6], "texture": "#0"},
				"west": {"uv": [10, 4, 12, 6], "rotation": 270, "texture": "#0"},
				"up": {"uv": [10, 4, 12, 6], "texture": "#0"},
				"down": {"uv": [10, 6, 12, 4], "texture": "#0"}
			}
		},
		{
			"name": "Untitled-1_22",
			"from": [12, 0, 30],
			"to": [14, 2, 32],
			"faces": {
				"north": {"uv": [14, 4, 12, 6], "texture": "#0"},
				"east": {"uv": [12, 4, 14, 6], "rotation": 90, "texture": "#0"},
				"south": {"uv": [12, 4, 14, 6], "texture": "#0"},
				"west": {"uv": [12, 4, 14, 6], "rotation": 270, "texture": "#0"},
				"up": {"uv": [12, 4, 14, 6], "texture": "#0"},
				"down": {"uv": [12, 6, 14, 4], "texture": "#0"}
			}
		},
		{
			"name": "Untitled-1_23",
			"from": [14, 0, 30],
			"to": [16, 2, 32],
			"faces": {
				"north": {"uv": [16, 4, 14, 6], "texture": "#0"},
				"east": {"uv": [14, 4, 16, 6], "rotation": 90, "texture": "#0"},
				"south": {"uv": [14, 4, 16, 6], "texture": "#0"},
				"west": {"uv": [14, 4, 16, 6], "rotation": 270, "texture": "#0"},
				"up": {"uv": [14, 4, 16, 6], "texture": "#0"},
				"down": {"uv": [14, 6, 16, 4], "texture": "#0"}
			}
		},
		{
			"name": "Untitled-1_32",
			"from": [0, 0, 0],
			"to": [2, 2, 2],
			"faces": {
				"north": {"uv": [2, 8, 0, 10], "texture": "#0"},
				"east": {"uv": [0, 8, 2, 10], "rotation": 90, "texture": "#0"},
				"south": {"uv": [0, 8, 2, 10], "texture": "#0"},
				"west": {"uv": [0, 8, 2, 10], "rotation": 270, "texture": "#0"},
				"up": {"uv": [0, 8, 2, 10], "texture": "#0"},
				"down": {"uv": [0, 10, 2, 8], "texture": "#0"}
			}
		},
		{
			"name": "Untitled-1_33",
			"from": [2, 0, 0],
			"to": [4, 2, 2],
			"faces": {
				"north": {"uv": [4, 8, 2, 10], "texture": "#0"},
				"east": {"uv": [2, 8, 4, 10], "rotation": 90, "texture": "#0"},
				"south": {"uv": [2, 8, 4, 10], "texture": "#0"},
				"west": {"uv": [2, 8, 4, 10], "rotation": 270, "texture": "#0"},
				"up": {"uv": [2, 8, 4, 10], "texture": "#0"},
				"down": {"uv": [2, 10, 4, 8], "texture": "#0"}
			}
		},
		{
			"name": "Untitled-1_34",
			"from": [4, 0, 0],
			"to": [6, 2, 2],
			"faces": {
				"north": {"uv": [6, 8, 4, 10], "texture": "#0"},
				"east": {"uv": [4, 8, 6, 10], "rotation": 90, "texture": "#0"},
				"south": {"uv": [4, 8, 6, 10], "texture": "#0"},
				"west": {"uv": [4, 8, 6, 10], "rotation": 270, "texture": "#0"},
				"up": {"uv": [4, 8, 6, 10], "texture": "#0"},
				"down": {"uv": [4, 10, 6, 8], "texture": "#0"}
			}
		},
		{
			"name": "Untitled-1_35",
			"from": [6, 0, 0],
			"to": [8, 2, 2],
			"faces": {
				"north": {"uv": [8, 8, 6, 10], "texture": "#0"},
				"east": {"uv": [6, 8, 8, 10], "rotation": 90, "texture": "#0"},
				"south": {"uv": [6, 8, 8, 10], "texture": "#0"},
				"west": {"uv": [6, 8, 8, 10], "rotation": 270, "texture": "#0"},
				"up": {"uv": [6, 8, 8, 10], "texture": "#0"},
				"down": {"uv": [6, 10, 8, 8], "texture": "#0"}
			}
		},
		{
			"name": "Untitled-1_36",
			"from": [8, 0, 0],
			"to": [10, 2, 2],
			"faces": {
				"north": {"uv": [10, 8, 8, 10], "texture": "#0"},
				"east": {"uv": [8, 8, 10, 10], "rotation": 90, "texture": "#0"},
				"south": {"uv": [8, 8, 10, 10], "texture": "#0"},
				"west": {"uv": [8, 8, 10, 10], "rotation": 270, "texture": "#0"},
				"up": {"uv": [8, 8, 10, 10], "texture": "#0"},
				"down": {"uv": [8, 10, 10, 8], "texture": "#0"}
			}
		},
		{
			"name": "Untitled-1_37",
			"from": [10, 0, 0],
			"to": [12, 2, 2],
			"faces": {
				"north": {"uv": [12, 8, 10, 10], "texture": "#0"},
				"east": {"uv": [10, 8, 12, 10], "rotation": 90, "texture": "#0"},
				"south": {"uv": [10, 8, 12, 10], "texture": "#0"},
				"west": {"uv": [10, 8, 12, 10], "rotation": 270, "texture": "#0"},
				"up": {"uv": [10, 8, 12, 10], "texture": "#0"},
				"down": {"uv": [10, 10, 12, 8], "texture": "#0"}
			}
		},
		{
			"name": "Untitled-1_38",
			"from": [12, 0, 0],
			"to": [14, 2, 2],
			"faces": {
				"north": {"uv": [14, 8, 12, 10], "texture": "#0"},
				"east": {"uv": [12, 8, 14, 10], "rotation": 90, "texture": "#0"},
				"south": {"uv": [12, 8, 14, 10], "texture": "#0"},
				"west": {"uv": [12, 8, 14, 10], "rotation": 270, "texture": "#0"},
				"up": {"uv": [12, 8, 14, 10], "texture": "#0"},
				"down": {"uv": [12, 10, 14, 8], "texture": "#0"}
			}
		},
		{
			"name": "Untitled-1_39",
			"from": [14, 0, 0],
			"to": [16, 2, 2],
			"faces": {
				"north": {"uv": [16, 8, 14, 10], "texture": "#0"},
				"east": {"uv": [14, 8, 16, 10], "rotation": 90, "texture": "#0"},
				"south": {"uv": [14, 8, 16, 10], "texture": "#0"},
				"west": {"uv": [14, 8, 16, 10], "rotation": 270, "texture": "#0"},
				"up": {"uv": [14, 8, 16, 10], "texture": "#0"},
				"down": {"uv": [14, 10, 16, 8], "texture": "#0"}
			}
		},
		{
			"name": "Untitled-1_40",
			"from": [0, 0, 2],
			"to": [2, 2, 4],
			"faces": {
				"north": {"uv": [2, 10, 0, 12], "texture": "#0"},
				"east": {"uv": [0, 10, 2, 12], "rotation": 90, "texture": "#0"},
				"south": {"uv": [0, 10, 2, 12], "texture": "#0"},
				"west": {"uv": [0, 10, 2, 12], "rotation": 270, "texture": "#0"},
				"up": {"uv": [0, 10, 2, 12], "texture": "#0"},
				"down": {"uv": [0, 12, 2, 10], "texture": "#0"}
			}
		},
		{
			"name": "Untitled-1_41",
			"from": [2, 0, 2],
			"to": [4, 2, 4],
			"faces": {
				"north": {"uv": [4, 10, 2, 12], "texture": "#0"},
				"east": {"uv": [2, 10, 4, 12], "rotation": 90, "texture": "#0"},
				"south": {"uv": [2, 10, 4, 12], "texture": "#0"},
				"west": {"uv": [2, 10, 4, 12], "rotation": 270, "texture": "#0"},
				"up": {"uv": [2, 10, 4, 12], "texture": "#0"},
				"down": {"uv": [2, 12, 4, 10], "texture": "#0"}
			}
		},
		{
			"name": "Untitled-1_42",
			"from": [4, 0, 2],
			"to": [6, 2, 4],
			"faces": {
				"north": {"uv": [6, 10, 4, 12], "texture": "#0"},
				"east": {"uv": [4, 10, 6, 12], "rotation": 90, "texture": "#0"},
				"south": {"uv": [4, 10, 6, 12], "texture": "#0"},
				"west": {"uv": [4, 10, 6, 12], "rotation": 270, "texture": "#0"},
				"up": {"uv": [4, 10, 6, 12], "texture": "#0"},
				"down": {"uv": [4, 12, 6, 10], "texture": "#0"}
			}
		},
		{
			"name": "Untitled-1_43",
			"from": [6, 0, 2],
			"to": [8, 2, 4],
			"faces": {
				"north": {"uv": [8, 10, 6, 12], "texture": "#0"},
				"east": {"uv": [6, 10, 8, 12], "rotation": 90, "texture": "#0"},
				"south": {"uv": [6, 10, 8, 12], "texture": "#0"},
				"west": {"uv": [6, 10, 8, 12], "rotation": 270, "texture": "#0"},
				"up": {"uv": [6, 10, 8, 12], "texture": "#0"},
				"down": {"uv": [6, 12, 8, 10], "texture": "#0"}
			}
		},
		{
			"name": "Untitled-1_44",
			"from": [8, 0, 2],
			"to": [10, 2, 4],
			"faces": {
				"north": {"uv": [10, 10, 8, 12], "texture": "#0"},
				"east": {"uv": [8, 10, 10, 12], "rotation": 90, "texture": "#0"},
				"south": {"uv": [8, 10, 10, 12], "texture": "#0"},
				"west": {"uv": [8, 10, 10, 12], "rotation": 270, "texture": "#0"},
				"up": {"uv": [8, 10, 10, 12], "texture": "#0"},
				"down": {"uv": [8, 12, 10, 10], "texture": "#0"}
			}
		},
		{
			"name": "Untitled-1_45",
			"from": [10, 0, 2],
			"to": [12, 2, 4],
			"faces": {
				"north": {"uv": [12, 10, 10, 12], "texture": "#0"},
				"east": {"uv": [10, 10, 12, 12], "rotation": 90, "texture": "#0"},
				"south": {"uv": [10, 10, 12, 12], "texture": "#0"},
				"west": {"uv": [10, 10, 12, 12], "rotation": 270, "texture": "#0"},
				"up": {"uv": [10, 10, 12, 12], "texture": "#0"},
				"down": {"uv": [10, 12, 12, 10], "texture": "#0"}
			}
		},
		{
			"name": "Untitled-1_46",
			"from": [12, 0, 2],
			"to": [14, 2, 4],
			"faces": {
				"north": {"uv": [14, 10, 12, 12], "texture": "#0"},
				"east": {"uv": [12, 10, 14, 12], "rotation": 90, "texture": "#0"},
				"south": {"uv": [12, 10, 14, 12], "texture": "#0"},
				"west": {"uv": [12, 10, 14, 12], "rotation": 270, "texture": "#0"},
				"up": {"uv": [12, 10, 14, 12], "texture": "#0"},
				"down": {"uv": [12, 12, 14, 10], "texture": "#0"}
			}
		},
		{
			"name": "Untitled-1_47",
			"from": [14, 0, 2],
			"to": [16, 2, 4],
			"faces": {
				"north": {"uv": [16, 10, 14, 12], "texture": "#0"},
				"east": {"uv": [14, 10, 16, 12], "rotation": 90, "texture": "#0"},
				"south": {"uv": [14, 10, 16, 12], "texture": "#0"},
				"west": {"uv": [14, 10, 16, 12], "rotation": 270, "texture": "#0"},
				"up": {"uv": [14, 10, 16, 12], "texture": "#0"},
				"down": {"uv": [14, 12, 16, 10], "texture": "#0"}
			}
		},
		{
			"name": "Untitled-2_0",
			"from": [0, 0, 4],
			"to": [2, 2, 6],
			"faces": {
				"north": {"uv": [2, 0, 0, 2], "texture": "#1"},
				"east": {"uv": [0, 0, 2, 2], "rotation": 90, "texture": "#1"},
				"south": {"uv": [0, 0, 2, 2], "texture": "#1"},
				"west": {"uv": [0, 0, 2, 2], "rotation": 270, "texture": "#1"},
				"up": {"uv": [0, 0, 2, 2], "texture": "#1"},
				"down": {"uv": [0, 2, 2, 0], "texture": "#1"}
			}
		},
		{
			"name": "Untitled-2_1",
			"from": [2, 0, 4],
			"to": [4, 2, 6],
			"faces": {
				"north": {"uv": [4, 0, 2, 2], "texture": "#1"},
				"east": {"uv": [2, 0, 4, 2], "rotation": 90, "texture": "#1"},
				"south": {"uv": [2, 0, 4, 2], "texture": "#1"},
				"west": {"uv": [2, 0, 4, 2], "rotation": 270, "texture": "#1"},
				"up": {"uv": [2, 0, 4, 2], "texture": "#1"},
				"down": {"uv": [2, 2, 4, 0], "texture": "#1"}
			}
		},
		{
			"name": "Untitled-2_2",
			"from": [4, 0, 4],
			"to": [6, 2, 6],
			"faces": {
				"north": {"uv": [6, 0, 4, 2], "texture": "#1"},
				"east": {"uv": [4, 0, 6, 2], "rotation": 90, "texture": "#1"},
				"south": {"uv": [4, 0, 6, 2], "texture": "#1"},
				"west": {"uv": [4, 0, 6, 2], "rotation": 270, "texture": "#1"},
				"up": {"uv": [4, 0, 6, 2], "texture": "#1"},
				"down": {"uv": [4, 2, 6, 0], "texture": "#1"}
			}
		},
		{
			"name": "Untitled-2_3",
			"from": [6, 0, 4],
			"to": [8, 2, 6],
			"faces": {
				"north": {"uv": [8, 0, 6, 2], "texture": "#1"},
				"east": {"uv": [6, 0, 8, 2], "rotation": 90, "texture": "#1"},
				"south": {"uv": [6, 0, 8, 2], "texture": "#1"},
				"west": {"uv": [6, 0, 8, 2], "rotation": 270, "texture": "#1"},
				"up": {"uv": [6, 0, 8, 2], "texture": "#1"},
				"down": {"uv": [6, 2, 8, 0], "texture": "#1"}
			}
		},
		{
			"name": "Untitled-2_4",
			"from": [8, 0, 4],
			"to": [10, 2, 6],
			"faces": {
				"north": {"uv": [10, 0, 8, 2], "texture": "#1"},
				"east": {"uv": [8, 0, 10, 2], "rotation": 90, "texture": "#1"},
				"south": {"uv": [8, 0, 10, 2], "texture": "#1"},
				"west": {"uv": [8, 0, 10, 2], "rotation": 270, "texture": "#1"},
				"up": {"uv": [8, 0, 10, 2], "texture": "#1"},
				"down": {"uv": [8, 2, 10, 0], "texture": "#1"}
			}
		},
		{
			"name": "Untitled-2_5",
			"from": [10, 0, 4],
			"to": [12, 2, 6],
			"faces": {
				"north": {"uv": [12, 0, 10, 2], "texture": "#1"},
				"east": {"uv": [10, 0, 12, 2], "rotation": 90, "texture": "#1"},
				"south": {"uv": [10, 0, 12, 2], "texture": "#1"},
				"west": {"uv": [10, 0, 12, 2], "rotation": 270, "texture": "#1"},
				"up": {"uv": [10, 0, 12, 2], "texture": "#1"},
				"down": {"uv": [10, 2, 12, 0], "texture": "#1"}
			}
		},
		{
			"name": "Untitled-2_6",
			"from": [12, 0, 4],
			"to": [14, 2, 6],
			"faces": {
				"north": {"uv": [14, 0, 12, 2], "texture": "#1"},
				"east": {"uv": [12, 0, 14, 2], "rotation": 90, "texture": "#1"},
				"south": {"uv": [12, 0, 14, 2], "texture": "#1"},
				"west": {"uv": [12, 0, 14, 2], "rotation": 270, "texture": "#1"},
				"up": {"uv": [12, 0, 14, 2], "texture": "#1"},
				"down": {"uv": [12, 2, 14, 0], "texture": "#1"}
			}
		},
		{
			"name": "Untitled-2_7",
			"from": [14, 0, 4],
			"to": [16, 2, 6],
			"faces": {
				"north": {"uv": [16, 0, 14, 2], "texture": "#1"},
				"east": {"uv": [14, 0, 16, 2], "rotation": 90, "texture": "#1"},
				"south": {"uv": [14, 0, 16, 2], "texture": "#1"},
				"west": {"uv": [14, 0, 16, 2], "rotation": 270, "texture": "#1"},
				"up": {"uv": [14, 0, 16, 2], "texture": "#1"},
				"down": {"uv": [14, 2, 16, 0], "texture": "#1"}
			}
		},
		{
			"name": "Untitled-2_8",
			"from": [0, 0, 6],
			"to": [2, 2, 8],
			"faces": {
				"north": {"uv": [2, 2, 0, 4], "texture": "#1"},
				"east": {"uv": [0, 2, 2, 4], "rotation": 90, "texture": "#1"},
				"south": {"uv": [0, 2, 2, 4], "texture": "#1"},
				"west": {"uv": [0, 2, 2, 4], "rotation": 270, "texture": "#1"},
				"up": {"uv": [0, 2, 2, 4], "texture": "#1"},
				"down": {"uv": [0, 4, 2, 2], "texture": "#1"}
			}
		},
		{
			"name": "Untitled-2_9",
			"from": [2, 0, 6],
			"to": [4, 2, 8],
			"faces": {
				"north": {"uv": [4, 2, 2, 4], "texture": "#1"},
				"east": {"uv": [2, 2, 4, 4], "rotation": 90, "texture": "#1"},
				"south": {"uv": [2, 2, 4, 4], "texture": "#1"},
				"west": {"uv": [2, 2, 4, 4], "rotation": 270, "texture": "#1"},
				"up": {"uv": [2, 2, 4, 4], "texture": "#1"},
				"down": {"uv": [2, 4, 4, 2], "texture": "#1"}
			}
		},
		{
			"name": "Untitled-2_10",
			"from": [4, 0, 6],
			"to": [6, 2, 8],
			"faces": {
				"north": {"uv": [6, 2, 4, 4], "texture": "#1"},
				"east": {"uv": [4, 2, 6, 4], "rotation": 90, "texture": "#1"},
				"south": {"uv": [4, 2, 6, 4], "texture": "#1"},
				"west": {"uv": [4, 2, 6, 4], "rotation": 270, "texture": "#1"},
				"up": {"uv": [4, 2, 6, 4], "texture": "#1"},
				"down": {"uv": [4, 4, 6, 2], "texture": "#1"}
			}
		},
		{
			"name": "Untitled-2_11",
			"from": [6, 0, 6],
			"to": [8, 2, 8],
			"faces": {
				"north": {"uv": [8, 2, 6, 4], "texture": "#1"},
				"east": {"uv": [6, 2, 8, 4], "rotation": 90, "texture": "#1"},
				"south": {"uv": [6, 2, 8, 4], "texture": "#1"},
				"west": {"uv": [6, 2, 8, 4], "rotation": 270, "texture": "#1"},
				"up": {"uv": [6, 2, 8, 4], "texture": "#1"},
				"down": {"uv": [6, 4, 8, 2], "texture": "#1"}
			}
		},
		{
			"name": "Untitled-2_12",
			"from": [8, 0, 6],
			"to": [10, 2, 8],
			"faces": {
				"north": {"uv": [10, 2, 8, 4], "texture": "#1"},
				"east": {"uv": [8, 2, 10, 4], "rotation": 90, "texture": "#1"},
				"south": {"uv": [8, 2, 10, 4], "texture": "#1"},
				"west": {"uv": [8, 2, 10, 4], "rotation": 270, "texture": "#1"},
				"up": {"uv": [8, 2, 10, 4], "texture": "#1"},
				"down": {"uv": [8, 4, 10, 2], "texture": "#1"}
			}
		},
		{
			"name": "Untitled-2_13",
			"from": [10, 0, 6],
			"to": [12, 2, 8],
			"faces": {
				"north": {"uv": [12, 2, 10, 4], "texture": "#1"},
				"east": {"uv": [10, 2, 12, 4], "rotation": 90, "texture": "#1"},
				"south": {"uv": [10, 2, 12, 4], "texture": "#1"},
				"west": {"uv": [10, 2, 12, 4], "rotation": 270, "texture": "#1"},
				"up": {"uv": [10, 2, 12, 4], "texture": "#1"},
				"down": {"uv": [10, 4, 12, 2], "texture": "#1"}
			}
		},
		{
			"name": "Untitled-2_14",
			"from": [12, 0, 6],
			"to": [14, 2, 8],
			"faces": {
				"north": {"uv": [14, 2, 12, 4], "texture": "#1"},
				"east": {"uv": [12, 2, 14, 4], "rotation": 90, "texture": "#1"},
				"south": {"uv": [12, 2, 14, 4], "texture": "#1"},
				"west": {"uv": [12, 2, 14, 4], "rotation": 270, "texture": "#1"},
				"up": {"uv": [12, 2, 14, 4], "texture": "#1"},
				"down": {"uv": [12, 4, 14, 2], "texture": "#1"}
			}
		},
		{
			"name": "Untitled-2_15",
			"from": [14, 0, 6],
			"to": [16, 2, 8],
			"faces": {
				"north": {"uv": [16, 2, 14, 4], "texture": "#1"},
				"east": {"uv": [14, 2, 16, 4], "rotation": 90, "texture": "#1"},
				"south": {"uv": [14, 2, 16, 4], "texture": "#1"},
				"west": {"uv": [14, 2, 16, 4], "rotation": 270, "texture": "#1"},
				"up": {"uv": [14, 2, 16, 4], "texture": "#1"},
				"down": {"uv": [14, 4, 16, 2], "texture": "#1"}
			}
		},
		{
			"name": "Untitled-2_16",
			"from": [0, 0, 8],
			"to": [2, 2, 10],
			"faces": {
				"north": {"uv": [2, 4, 0, 6], "texture": "#1"},
				"east": {"uv": [0, 4, 2, 6], "rotation": 90, "texture": "#1"},
				"south": {"uv": [0, 4, 2, 6], "texture": "#1"},
				"west": {"uv": [0, 4, 2, 6], "rotation": 270, "texture": "#1"},
				"up": {"uv": [0, 4, 2, 6], "texture": "#1"},
				"down": {"uv": [0, 6, 2, 4], "texture": "#1"}
			}
		},
		{
			"name": "Untitled-2_17",
			"from": [2, 0, 8],
			"to": [4, 2, 10],
			"faces": {
				"north": {"uv": [4, 4, 2, 6], "texture": "#1"},
				"east": {"uv": [2, 4, 4, 6], "rotation": 90, "texture": "#1"},
				"south": {"uv": [2, 4, 4, 6], "texture": "#1"},
				"west": {"uv": [2, 4, 4, 6], "rotation": 270, "texture": "#1"},
				"up": {"uv": [2, 4, 4, 6], "texture": "#1"},
				"down": {"uv": [2, 6, 4, 4], "texture": "#1"}
			}
		},
		{
			"name": "Untitled-2_18",
			"from": [4, 0, 8],
			"to": [6, 2, 10],
			"faces": {
				"north": {"uv": [6, 4, 4, 6], "texture": "#1"},
				"east": {"uv": [4, 4, 6, 6], "rotation": 90, "texture": "#1"},
				"south": {"uv": [4, 4, 6, 6], "texture": "#1"},
				"west": {"uv": [4, 4, 6, 6], "rotation": 270, "texture": "#1"},
				"up": {"uv": [4, 4, 6, 6], "texture": "#1"},
				"down": {"uv": [4, 6, 6, 4], "texture": "#1"}
			}
		},
		{
			"name": "Untitled-2_19",
			"from": [6, 0, 8],
			"to": [8, 2, 10],
			"faces": {
				"north": {"uv": [8, 4, 6, 6], "texture": "#1"},
				"east": {"uv": [6, 4, 8, 6], "rotation": 90, "texture": "#1"},
				"south": {"uv": [6, 4, 8, 6], "texture": "#1"},
				"west": {"uv": [6, 4, 8, 6], "rotation": 270, "texture": "#1"},
				"up": {"uv": [6, 4, 8, 6], "texture": "#1"},
				"down": {"uv": [6, 6, 8, 4], "texture": "#1"}
			}
		},
		{
			"name": "Untitled-2_20",
			"from": [8, 0, 8],
			"to": [10, 2, 10],
			"faces": {
				"north": {"uv": [10, 4, 8, 6], "texture": "#1"},
				"east": {"uv": [8, 4, 10, 6], "rotation": 90, "texture": "#1"},
				"south": {"uv": [8, 4, 10, 6], "texture": "#1"},
				"west": {"uv": [8, 4, 10, 6], "rotation": 270, "texture": "#1"},
				"up": {"uv": [8, 4, 10, 6], "texture": "#1"},
				"down": {"uv": [8, 6, 10, 4], "texture": "#1"}
			}
		},
		{
			"name": "Untitled-2_21",
			"from": [10, 0, 8],
			"to": [12, 2, 10],
			"faces": {
				"north": {"uv": [12, 4, 10, 6], "texture": "#1"},
				"east": {"uv": [10, 4, 12, 6], "rotation": 90, "texture": "#1"},
				"south": {"uv": [10, 4, 12, 6], "texture": "#1"},
				"west": {"uv": [10, 4, 12, 6], "rotation": 270, "texture": "#1"},
				"up": {"uv": [10, 4, 12, 6], "texture": "#1"},
				"down": {"uv": [10, 6, 12, 4], "texture": "#1"}
			}
		},
		{
			"name": "Untitled-2_22",
			"from": [12, 0, 8],
			"to": [14, 2, 10],
			"faces": {
				"north": {"uv": [14, 4, 12, 6], "texture": "#1"},
				"east": {"uv": [12, 4, 14, 6], "rotation": 90, "texture": "#1"},
				"south": {"uv": [12, 4, 14, 6], "texture": "#1"},
				"west": {"uv": [12, 4, 14, 6], "rotation": 270, "texture": "#1"},
				"up": {"uv": [12, 4, 14, 6], "texture": "#1"},
				"down": {"uv": [12, 6, 14, 4], "texture": "#1"}
			}
		},
		{
			"name": "Untitled-2_23",
			"from": [14, 0, 8],
			"to": [16, 2, 10],
			"faces": {
				"north": {"uv": [16, 4, 14, 6], "texture": "#1"},
				"east": {"uv": [14, 4, 16, 6], "rotation": 90, "texture": "#1"},
				"south": {"uv": [14, 4, 16, 6], "texture": "#1"},
				"west": {"uv": [14, 4, 16, 6], "rotation": 270, "texture": "#1"},
				"up": {"uv": [14, 4, 16, 6], "texture": "#1"},
				"down": {"uv": [14, 6, 16, 4], "texture": "#1"}
			}
		},
		{
			"name": "Untitled-2_24",
			"from": [0, 0, 10],
			"to": [2, 2, 12],
			"faces": {
				"north": {"uv": [2, 6, 0, 8], "texture": "#1"},
				"east": {"uv": [0, 6, 2, 8], "rotation": 90, "texture": "#1"},
				"south": {"uv": [0, 6, 2, 8], "texture": "#1"},
				"west": {"uv": [0, 6, 2, 8], "rotation": 270, "texture": "#1"},
				"up": {"uv": [0, 6, 2, 8], "texture": "#1"},
				"down": {"uv": [0, 8, 2, 6], "texture": "#1"}
			}
		},
		{
			"name": "Untitled-2_25",
			"from": [2, 0, 10],
			"to": [4, 2, 12],
			"faces": {
				"north": {"uv": [4, 6, 2, 8], "texture": "#1"},
				"east": {"uv": [2, 6, 4, 8], "rotation": 90, "texture": "#1"},
				"south": {"uv": [2, 6, 4, 8], "texture": "#1"},
				"west": {"uv": [2, 6, 4, 8], "rotation": 270, "texture": "#1"},
				"up": {"uv": [2, 6, 4, 8], "texture": "#1"},
				"down": {"uv": [2, 8, 4, 6], "texture": "#1"}
			}
		},
		{
			"name": "Untitled-2_26",
			"from": [4, 0, 10],
			"to": [6, 2, 12],
			"faces": {
				"north": {"uv": [6, 6, 4, 8], "texture": "#1"},
				"east": {"uv": [4, 6, 6, 8], "rotation": 90, "texture": "#1"},
				"south": {"uv": [4, 6, 6, 8], "texture": "#1"},
				"west": {"uv": [4, 6, 6, 8], "rotation": 270, "texture": "#1"},
				"up": {"uv": [4, 6, 6, 8], "texture": "#1"},
				"down": {"uv": [4, 8, 6, 6], "texture": "#1"}
			}
		},
		{
			"name": "Untitled-2_27",
			"from": [6, 0, 10],
			"to": [8, 2, 12],
			"faces": {
				"north": {"uv": [8, 6, 6, 8], "texture": "#1"},
				"east": {"uv": [6, 6, 8, 8], "rotation": 90, "texture": "#1"},
				"south": {"uv": [6, 6, 8, 8], "texture": "#1"},
				"west": {"uv": [6, 6, 8, 8], "rotation": 270, "texture": "#1"},
				"up": {"uv": [6, 6, 8, 8], "texture": "#1"},
				"down": {"uv": [6, 8, 8, 6], "texture": "#1"}
			}
		},
		{
			"name": "Untitled-2_28",
			"from": [8, 0, 10],
			"to": [10, 2, 12],
			"faces": {
				"north": {"uv": [10, 6, 8, 8], "texture": "#1"},
				"east": {"uv": [8, 6, 10, 8], "rotation": 90, "texture": "#1"},
				"south": {"uv": [8, 6, 10, 8], "texture": "#1"},
				"west": {"uv": [8, 6, 10, 8], "rotation": 270, "texture": "#1"},
				"up": {"uv": [8, 6, 10, 8], "texture": "#1"},
				"down": {"uv": [8, 8, 10, 6], "texture": "#1"}
			}
		},
		{
			"name": "Untitled-2_29",
			"from": [10, 0, 10],
			"to": [12, 2, 12],
			"faces": {
				"north": {"uv": [12, 6, 10, 8], "texture": "#1"},
				"east": {"uv": [10, 6, 12, 8], "rotation": 90, "texture": "#1"},
				"south": {"uv": [10, 6, 12, 8], "texture": "#1"},
				"west": {"uv": [10, 6, 12, 8], "rotation": 270, "texture": "#1"},
				"up": {"uv": [10, 6, 12, 8], "texture": "#1"},
				"down": {"uv": [10, 8, 12, 6], "texture": "#1"}
			}
		},
		{
			"name": "Untitled-2_30",
			"from": [12, 0, 10],
			"to": [14, 2, 12],
			"faces": {
				"north": {"uv": [14, 6, 12, 8], "texture": "#1"},
				"east": {"uv": [12, 6, 14, 8], "rotation": 90, "texture": "#1"},
				"south": {"uv": [12, 6, 14, 8], "texture": "#1"},
				"west": {"uv": [12, 6, 14, 8], "rotation": 270, "texture": "#1"},
				"up": {"uv": [12, 6, 14, 8], "texture": "#1"},
				"down": {"uv": [12, 8, 14, 6], "texture": "#1"}
			}
		},
		{
			"name": "Untitled-2_31",
			"from": [14, 0, 10],
			"to": [16, 2, 12],
			"faces": {
				"north": {"uv": [16, 6, 14, 8], "texture": "#1"},
				"east": {"uv": [14, 6, 16, 8], "rotation": 90, "texture": "#1"},
				"south": {"uv": [14, 6, 16, 8], "texture": "#1"},
				"west": {"uv": [14, 6, 16, 8], "rotation": 270, "texture": "#1"},
				"up": {"uv": [14, 6, 16, 8], "texture": "#1"},
				"down": {"uv": [14, 8, 16, 6], "texture": "#1"}
			}
		},
		{
			"name": "Untitled-2_32",
			"from": [0, 0, 12],
			"to": [2, 2, 14],
			"faces": {
				"north": {"uv": [2, 8, 0, 10], "texture": "#1"},
				"east": {"uv": [0, 8, 2, 10], "rotation": 90, "texture": "#1"},
				"south": {"uv": [0, 8, 2, 10], "texture": "#1"},
				"west": {"uv": [0, 8, 2, 10], "rotation": 270, "texture": "#1"},
				"up": {"uv": [0, 8, 2, 10], "texture": "#1"},
				"down": {"uv": [0, 10, 2, 8], "texture": "#1"}
			}
		},
		{
			"name": "Untitled-2_33",
			"from": [2, 0, 12],
			"to": [4, 2, 14],
			"faces": {
				"north": {"uv": [4, 8, 2, 10], "texture": "#1"},
				"east": {"uv": [2, 8, 4, 10], "rotation": 90, "texture": "#1"},
				"south": {"uv": [2, 8, 4, 10], "texture": "#1"},
				"west": {"uv": [2, 8, 4, 10], "rotation": 270, "texture": "#1"},
				"up": {"uv": [2, 8, 4, 10], "texture": "#1"},
				"down": {"uv": [2, 10, 4, 8], "texture": "#1"}
			}
		},
		{
			"name": "Untitled-2_34",
			"from": [4, 0, 12],
			"to": [6, 2, 14],
			"faces": {
				"north": {"uv": [6, 8, 4, 10], "texture": "#1"},
				"east": {"uv": [4, 8, 6, 10], "rotation": 90, "texture": "#1"},
				"south": {"uv": [4, 8, 6, 10], "texture": "#1"},
				"west": {"uv": [4, 8, 6, 10], "rotation": 270, "texture": "#1"},
				"up": {"uv": [4, 8, 6, 10], "texture": "#1"},
				"down": {"uv": [4, 10, 6, 8], "texture": "#1"}
			}
		},
		{
			"name": "Untitled-2_35",
			"from": [6, 0, 12],
			"to": [8, 2, 14],
			"faces": {
				"north": {"uv": [8, 8, 6, 10], "texture": "#1"},
				"east": {"uv": [6, 8, 8, 10], "rotation": 90, "texture": "#1"},
				"south": {"uv": [6, 8, 8, 10], "texture": "#1"},
				"west": {"uv": [6, 8, 8, 10], "rotation": 270, "texture": "#1"},
				"up": {"uv": [6, 8, 8, 10], "texture": "#1"},
				"down": {"uv": [6, 10, 8, 8], "texture": "#1"}
			}
		},
		{
			"name": "Untitled-2_36",
			"from": [8, 0, 12],
			"to": [10, 2, 14],
			"faces": {
				"north": {"uv": [10, 8, 8, 10], "texture": "#1"},
				"east": {"uv": [8, 8, 10, 10], "rotation": 90, "texture": "#1"},
				"south": {"uv": [8, 8, 10, 10], "texture": "#1"},
				"west": {"uv": [8, 8, 10, 10], "rotation": 270, "texture": "#1"},
				"up": {"uv": [8, 8, 10, 10], "texture": "#1"},
				"down": {"uv": [8, 10, 10, 8], "texture": "#1"}
			}
		},
		{
			"name": "Untitled-2_37",
			"from": [10, 0, 12],
			"to": [12, 2, 14],
			"faces": {
				"north": {"uv": [12, 8, 10, 10], "texture": "#1"},
				"east": {"uv": [10, 8, 12, 10], "rotation": 90, "texture": "#1"},
				"south": {"uv": [10, 8, 12, 10], "texture": "#1"},
				"west": {"uv": [10, 8, 12, 10], "rotation": 270, "texture": "#1"},
				"up": {"uv": [10, 8, 12, 10], "texture": "#1"},
				"down": {"uv": [10, 10, 12, 8], "texture": "#1"}
			}
		},
		{
			"name": "Untitled-2_38",
			"from": [12, 0, 12],
			"to": [14, 2, 14],
			"faces": {
				"north": {"uv": [14, 8, 12, 10], "texture": "#1"},
				"east": {"uv": [12, 8, 14, 10], "rotation": 90, "texture": "#1"},
				"south": {"uv": [12, 8, 14, 10], "texture": "#1"},
				"west": {"uv": [12, 8, 14, 10], "rotation": 270, "texture": "#1"},
				"up": {"uv": [12, 8, 14, 10], "texture": "#1"},
				"down": {"uv": [12, 10, 14, 8], "texture": "#1"}
			}
		},
		{
			"name": "Untitled-2_39",
			"from": [14, 0, 12],
			"to": [16, 2, 14],
			"faces": {
				"north": {"uv": [16, 8, 14, 10], "texture": "#1"},
				"east": {"uv": [14, 8, 16, 10], "rotation": 90, "texture": "#1"},
				"south": {"uv": [14, 8, 16, 10], "texture": "#1"},
				"west": {"uv": [14, 8, 16, 10], "rotation": 270, "texture": "#1"},
				"up": {"uv": [14, 8, 16, 10], "texture": "#1"},
				"down": {"uv": [14, 10, 16, 8], "texture": "#1"}
			}
		},
		{
			"name": "Untitled-2_40",
			"from": [0, 0, 14],
			"to": [2, 2, 16],
			"faces": {
				"north": {"uv": [2, 10, 0, 12], "texture": "#1"},
				"east": {"uv": [0, 10, 2, 12], "rotation": 90, "texture": "#1"},
				"south": {"uv": [0, 10, 2, 12], "texture": "#1"},
				"west": {"uv": [0, 10, 2, 12], "rotation": 270, "texture": "#1"},
				"up": {"uv": [0, 10, 2, 12], "texture": "#1"},
				"down": {"uv": [0, 12, 2, 10], "texture": "#1"}
			}
		},
		{
			"name": "Untitled-2_41",
			"from": [2, 0, 14],
			"to": [4, 2, 16],
			"faces": {
				"north": {"uv": [4, 10, 2, 12], "texture": "#1"},
				"east": {"uv": [2, 10, 4, 12], "rotation": 90, "texture": "#1"},
				"south": {"uv": [2, 10, 4, 12], "texture": "#1"},
				"west": {"uv": [2, 10, 4, 12], "rotation": 270, "texture": "#1"},
				"up": {"uv": [2, 10, 4, 12], "texture": "#1"},
				"down": {"uv": [2, 12, 4, 10], "texture": "#1"}
			}
		},
		{
			"name": "Untitled-2_42",
			"from": [4, 0, 14],
			"to": [6, 2, 16],
			"faces": {
				"north": {"uv": [6, 10, 4, 12], "texture": "#1"},
				"east": {"uv": [4, 10, 6, 12], "rotation": 90, "texture": "#1"},
				"south": {"uv": [4, 10, 6, 12], "texture": "#1"},
				"west": {"uv": [4, 10, 6, 12], "rotation": 270, "texture": "#1"},
				"up": {"uv": [4, 10, 6, 12], "texture": "#1"},
				"down": {"uv": [4, 12, 6, 10], "texture": "#1"}
			}
		},
		{
			"name": "Untitled-2_43",
			"from": [6, 0, 14],
			"to": [8, 2, 16],
			"faces": {
				"north": {"uv": [8, 10, 6, 12], "texture": "#1"},
				"east": {"uv": [6, 10, 8, 12], "rotation": 90, "texture": "#1"},
				"south": {"uv": [6, 10, 8, 12], "texture": "#1"},
				"west": {"uv": [6, 10, 8, 12], "rotation": 270, "texture": "#1"},
				"up": {"uv": [6, 10, 8, 12], "texture": "#1"},
				"down": {"uv": [6, 12, 8, 10], "texture": "#1"}
			}
		},
		{
			"name": "Untitled-2_44",
			"from": [8, 0, 14],
			"to": [10, 2, 16],
			"faces": {
				"north": {"uv": [10, 10, 8, 12], "texture": "#1"},
				"east": {"uv": [8, 10, 10, 12], "rotation": 90, "texture": "#1"},
				"south": {"uv": [8, 10, 10, 12], "texture": "#1"},
				"west": {"uv": [8, 10, 10, 12], "rotation": 270, "texture": "#1"},
				"up": {"uv": [8, 10, 10, 12], "texture": "#1"},
				"down": {"uv": [8, 12, 10, 10], "texture": "#1"}
			}
		},
		{
			"name": "Untitled-2_45",
			"from": [10, 0, 14],
			"to": [12, 2, 16],
			"faces": {
				"north": {"uv": [12, 10, 10, 12], "texture": "#1"},
				"east": {"uv": [10, 10, 12, 12], "rotation": 90, "texture": "#1"},
				"south": {"uv": [10, 10, 12, 12], "texture": "#1"},
				"west": {"uv": [10, 10, 12, 12], "rotation": 270, "texture": "#1"},
				"up": {"uv": [10, 10, 12, 12], "texture": "#1"},
				"down": {"uv": [10, 12, 12, 10], "texture": "#1"}
			}
		},
		{
			"name": "Untitled-2_46",
			"from": [12, 0, 14],
			"to": [14, 2, 16],
			"faces": {
				"north": {"uv": [14, 10, 12, 12], "texture": "#1"},
				"east": {"uv": [12, 10, 14, 12], "rotation": 90, "texture": "#1"},
				"south": {"uv": [12, 10, 14, 12], "texture": "#1"},
				"west": {"uv": [12, 10, 14, 12], "rotation": 270, "texture": "#1"},
				"up": {"uv": [12, 10, 14, 12], "texture": "#1"},
				"down": {"uv": [12, 12, 14, 10], "texture": "#1"}
			}
		},
		{
			"name": "Untitled-2_47",
			"from": [14, 0, 14],
			"to": [16, 2, 16],
			"faces": {
				"north": {"uv": [16, 10, 14, 12], "texture": "#1"},
				"east": {"uv": [14, 10, 16, 12], "rotation": 90, "texture": "#1"},
				"south": {"uv": [14, 10, 16, 12], "texture": "#1"},
				"west": {"uv": [14, 10, 16, 12], "rotation": 270, "texture": "#1"},
				"up": {"uv": [14, 10, 16, 12], "texture": "#1"},
				"down": {"uv": [14, 12, 16, 10], "texture": "#1"}
			}
		},
		{
			"name": "Untitled-3_0",
			"from": [0, 0, 16],
			"to": [2, 2, 18],
			"faces": {
				"north": {"uv": [2, 0, 0, 2], "texture": "#2"},
				"east": {"uv": [0, 0, 2, 2], "rotation": 90, "texture": "#2"},
				"south": {"uv": [0, 0, 2, 2], "texture": "#2"},
				"west": {"uv": [0, 0, 2, 2], "rotation": 270, "texture": "#2"},
				"up": {"uv": [0, 0, 2, 2], "texture": "#2"},
				"down": {"uv": [0, 2, 2, 0], "texture": "#2"}
			}
		},
		{
			"name": "Untitled-3_1",
			"from": [2, 0, 16],
			"to": [4, 2, 18],
			"faces": {
				"north": {"uv": [4, 0, 2, 2], "texture": "#2"},
				"east": {"uv": [2, 0, 4, 2], "rotation": 90, "texture": "#2"},
				"south": {"uv": [2, 0, 4, 2], "texture": "#2"},
				"west": {"uv": [2, 0, 4, 2], "rotation": 270, "texture": "#2"},
				"up": {"uv": [2, 0, 4, 2], "texture": "#2"},
				"down": {"uv": [2, 2, 4, 0], "texture": "#2"}
			}
		},
		{
			"name": "Untitled-3_2",
			"from": [4, 0, 16],
			"to": [6, 2, 18],
			"faces": {
				"north": {"uv": [6, 0, 4, 2], "texture": "#2"},
				"east": {"uv": [4, 0, 6, 2], "rotation": 90, "texture": "#2"},
				"south": {"uv": [4, 0, 6, 2], "texture": "#2"},
				"west": {"uv": [4, 0, 6, 2], "rotation": 270, "texture": "#2"},
				"up": {"uv": [4, 0, 6, 2], "texture": "#2"},
				"down": {"uv": [4, 2, 6, 0], "texture": "#2"}
			}
		},
		{
			"name": "Untitled-3_3",
			"from": [6, 0, 16],
			"to": [8, 2, 18],
			"faces": {
				"north": {"uv": [8, 0, 6, 2], "texture": "#2"},
				"east": {"uv": [6, 0, 8, 2], "rotation": 90, "texture": "#2"},
				"south": {"uv": [6, 0, 8, 2], "texture": "#2"},
				"west": {"uv": [6, 0, 8, 2], "rotation": 270, "texture": "#2"},
				"up": {"uv": [6, 0, 8, 2], "texture": "#2"},
				"down": {"uv": [6, 2, 8, 0], "texture": "#2"}
			}
		},
		{
			"name": "Untitled-3_4",
			"from": [8, 0, 16],
			"to": [10, 2, 18],
			"faces": {
				"north": {"uv": [10, 0, 8, 2], "texture": "#2"},
				"east": {"uv": [8, 0, 10, 2], "rotation": 90, "texture": "#2"},
				"south": {"uv": [8, 0, 10, 2], "texture": "#2"},
				"west": {"uv": [8, 0, 10, 2], "rotation": 270, "texture": "#2"},
				"up": {"uv": [8, 0, 10, 2], "texture": "#2"},
				"down": {"uv": [8, 2, 10, 0], "texture": "#2"}
			}
		},
		{
			"name": "Untitled-3_5",
			"from": [10, 0, 16],
			"to": [12, 2, 18],
			"faces": {
				"north": {"uv": [12, 0, 10, 2], "texture": "#2"},
				"east": {"uv": [10, 0, 12, 2], "rotation": 90, "texture": "#2"},
				"south": {"uv": [10, 0, 12, 2], "texture": "#2"},
				"west": {"uv": [10, 0, 12, 2], "rotation": 270, "texture": "#2"},
				"up": {"uv": [10, 0, 12, 2], "texture": "#2"},
				"down": {"uv": [10, 2, 12, 0], "texture": "#2"}
			}
		},
		{
			"name": "Untitled-3_6",
			"from": [12, 0, 16],
			"to": [14, 2, 18],
			"faces": {
				"north": {"uv": [14, 0, 12, 2], "texture": "#2"},
				"east": {"uv": [12, 0, 14, 2], "rotation": 90, "texture": "#2"},
				"south": {"uv": [12, 0, 14, 2], "texture": "#2"},
				"west": {"uv": [12, 0, 14, 2], "rotation": 270, "texture": "#2"},
				"up": {"uv": [12, 0, 14, 2], "texture": "#2"},
				"down": {"uv": [12, 2, 14, 0], "texture": "#2"}
			}
		},
		{
			"name": "Untitled-3_7",
			"from": [14, 0, 16],
			"to": [16, 2, 18],
			"faces": {
				"north": {"uv": [16, 0, 14, 2], "texture": "#2"},
				"east": {"uv": [14, 0, 16, 2], "rotation": 90, "texture": "#2"},
				"south": {"uv": [14, 0, 16, 2], "texture": "#2"},
				"west": {"uv": [14, 0, 16, 2], "rotation": 270, "texture": "#2"},
				"up": {"uv": [14, 0, 16, 2], "texture": "#2"},
				"down": {"uv": [14, 2, 16, 0], "texture": "#2"}
			}
		},
		{
			"name": "Untitled-3_8",
			"from": [0, 0, 18],
			"to": [2, 2, 20],
			"faces": {
				"north": {"uv": [2, 2, 0, 4], "texture": "#2"},
				"east": {"uv": [0, 2, 2, 4], "rotation": 90, "texture": "#2"},
				"south": {"uv": [0, 2, 2, 4], "texture": "#2"},
				"west": {"uv": [0, 2, 2, 4], "rotation": 270, "texture": "#2"},
				"up": {"uv": [0, 2, 2, 4], "texture": "#2"},
				"down": {"uv": [0, 4, 2, 2], "texture": "#2"}
			}
		},
		{
			"name": "Untitled-3_9",
			"from": [2, 0, 18],
			"to": [4, 2, 20],
			"faces": {
				"north": {"uv": [4, 2, 2, 4], "texture": "#2"},
				"east": {"uv": [2, 2, 4, 4], "rotation": 90, "texture": "#2"},
				"south": {"uv": [2, 2, 4, 4], "texture": "#2"},
				"west": {"uv": [2, 2, 4, 4], "rotation": 270, "texture": "#2"},
				"up": {"uv": [2, 2, 4, 4], "texture": "#2"},
				"down": {"uv": [2, 4, 4, 2], "texture": "#2"}
			}
		},
		{
			"name": "Untitled-3_10",
			"from": [4, 0, 18],
			"to": [6, 2, 20],
			"faces": {
				"north": {"uv": [6, 2, 4, 4], "texture": "#2"},
				"east": {"uv": [4, 2, 6, 4], "rotation": 90, "texture": "#2"},
				"south": {"uv": [4, 2, 6, 4], "texture": "#2"},
				"west": {"uv": [4, 2, 6, 4], "rotation": 270, "texture": "#2"},
				"up": {"uv": [4, 2, 6, 4], "texture": "#2"},
				"down": {"uv": [4, 4, 6, 2], "texture": "#2"}
			}
		},
		{
			"name": "Untitled-3_11",
			"from": [6, 0, 18],
			"to": [8, 2, 20],
			"faces": {
				"north": {"uv": [8, 2, 6, 4], "texture": "#2"},
				"east": {"uv": [6, 2, 8, 4], "rotation": 90, "texture": "#2"},
				"south": {"uv": [6, 2, 8, 4], "texture": "#2"},
				"west": {"uv": [6, 2, 8, 4], "rotation": 270, "texture": "#2"},
				"up": {"uv": [6, 2, 8, 4], "texture": "#2"},
				"down": {"uv": [6, 4, 8, 2], "texture": "#2"}
			}
		},
		{
			"name": "Untitled-3_12",
			"from": [8, 0, 18],
			"to": [10, 2, 20],
			"faces": {
				"north": {"uv": [10, 2, 8, 4], "texture": "#2"},
				"east": {"uv": [8, 2, 10, 4], "rotation": 90, "texture": "#2"},
				"south": {"uv": [8, 2, 10, 4], "texture": "#2"},
				"west": {"uv": [8, 2, 10, 4], "rotation": 270, "texture": "#2"},
				"up": {"uv": [8, 2, 10, 4], "texture": "#2"},
				"down": {"uv": [8, 4, 10, 2], "texture": "#2"}
			}
		},
		{
			"name": "Untitled-3_13",
			"from": [10, 0, 18],
			"to": [12, 2, 20],
			"faces": {
				"north": {"uv": [12, 2, 10, 4], "texture": "#2"},
				"east": {"uv": [10, 2, 12, 4], "rotation": 90, "texture": "#2"},
				"south": {"uv": [10, 2, 12, 4], "texture": "#2"},
				"west": {"uv": [10, 2, 12, 4], "rotation": 270, "texture": "#2"},
				"up": {"uv": [10, 2, 12, 4], "texture": "#2"},
				"down": {"uv": [10, 4, 12, 2], "texture": "#2"}
			}
		},
		{
			"name": "Untitled-3_14",
			"from": [12, 0, 18],
			"to": [14, 2, 20],
			"faces": {
				"north": {"uv": [14, 2, 12, 4], "texture": "#2"},
				"east": {"uv": [12, 2, 14, 4], "rotation": 90, "texture": "#2"},
				"south": {"uv": [12, 2, 14, 4], "texture": "#2"},
				"west": {"uv": [12, 2, 14, 4], "rotation": 270, "texture": "#2"},
				"up": {"uv": [12, 2, 14, 4], "texture": "#2"},
				"down": {"uv": [12, 4, 14, 2], "texture": "#2"}
			}
		},
		{
			"name": "Untitled-3_15",
			"from": [14, 0, 18],
			"to": [16, 2, 20],
			"faces": {
				"north": {"uv": [16, 2, 14, 4], "texture": "#2"},
				"east": {"uv": [14, 2, 16, 4], "rotation": 90, "texture": "#2"},
				"south": {"uv": [14, 2, 16, 4], "texture": "#2"},
				"west": {"uv": [14, 2, 16, 4], "rotation": 270, "texture": "#2"},
				"up": {"uv": [14, 2, 16, 4], "texture": "#2"},
				"down": {"uv": [14, 4, 16, 2], "texture": "#2"}
			}
		},
		{
			"name": "Untitled-3_16",
			"from": [0, 0, 20],
			"to": [2, 2, 22],
			"faces": {
				"north": {"uv": [2, 4, 0, 6], "texture": "#2"},
				"east": {"uv": [0, 4, 2, 6], "rotation": 90, "texture": "#2"},
				"south": {"uv": [0, 4, 2, 6], "texture": "#2"},
				"west": {"uv": [0, 4, 2, 6], "rotation": 270, "texture": "#2"},
				"up": {"uv": [0, 4, 2, 6], "texture": "#2"},
				"down": {"uv": [0, 6, 2, 4], "texture": "#2"}
			}
		},
		{
			"name": "Untitled-3_17",
			"from": [2, 0, 20],
			"to": [4, 2, 22],
			"faces": {
				"north": {"uv": [4, 4, 2, 6], "texture": "#2"},
				"east": {"uv": [2, 4, 4, 6], "rotation": 90, "texture": "#2"},
				"south": {"uv": [2, 4, 4, 6], "texture": "#2"},
				"west": {"uv": [2, 4, 4, 6], "rotation": 270, "texture": "#2"},
				"up": {"uv": [2, 4, 4, 6], "texture": "#2"},
				"down": {"uv": [2, 6, 4, 4], "texture": "#2"}
			}
		},
		{
			"name": "Untitled-3_18",
			"from": [4, 0, 20],
			"to": [6, 2, 22],
			"faces": {
				"north": {"uv": [6, 4, 4, 6], "texture": "#2"},
				"east": {"uv": [4, 4, 6, 6], "rotation": 90, "texture": "#2"},
				"south": {"uv": [4, 4, 6, 6], "texture": "#2"},
				"west": {"uv": [4, 4, 6, 6], "rotation": 270, "texture": "#2"},
				"up": {"uv": [4, 4, 6, 6], "texture": "#2"},
				"down": {"uv": [4, 6, 6, 4], "texture": "#2"}
			}
		},
		{
			"name": "Untitled-3_19",
			"from": [6, 0, 20],
			"to": [8, 2, 22],
			"faces": {
				"north": {"uv": [8, 4, 6, 6], "texture": "#2"},
				"east": {"uv": [6, 4, 8, 6], "rotation": 90, "texture": "#2"},
				"south": {"uv": [6, 4, 8, 6], "texture": "#2"},
				"west": {"uv": [6, 4, 8, 6], "rotation": 270, "texture": "#2"},
				"up": {"uv": [6, 4, 8, 6], "texture": "#2"},
				"down": {"uv": [6, 6, 8, 4], "texture": "#2"}
			}
		},
		{
			"name": "Untitled-3_20",
			"from": [8, 0, 20],
			"to": [10, 2, 22],
			"faces": {
				"north": {"uv": [10, 4, 8, 6], "texture": "#2"},
				"east": {"uv": [8, 4, 10, 6], "rotation": 90, "texture": "#2"},
				"south": {"uv": [8, 4, 10, 6], "texture": "#2"},
				"west": {"uv": [8, 4, 10, 6], "rotation": 270, "texture": "#2"},
				"up": {"uv": [8, 4, 10, 6], "texture": "#2"},
				"down": {"uv": [8, 6, 10, 4], "texture": "#2"}
			}
		},
		{
			"name": "Untitled-3_21",
			"from": [10, 0, 20],
			"to": [12, 2, 22],
			"faces": {
				"north": {"uv": [12, 4, 10, 6], "texture": "#2"},
				"east": {"uv": [10, 4, 12, 6], "rotation": 90, "texture": "#2"},
				"south": {"uv": [10, 4, 12, 6], "texture": "#2"},
				"west": {"uv": [10, 4, 12, 6], "rotation": 270, "texture": "#2"},
				"up": {"uv": [10, 4, 12, 6], "texture": "#2"},
				"down": {"uv": [10, 6, 12, 4], "texture": "#2"}
			}
		},
		{
			"name": "Untitled-3_22",
			"from": [12, 0, 20],
			"to": [14, 2, 22],
			"faces": {
				"north": {"uv": [14, 4, 12, 6], "texture": "#2"},
				"east": {"uv": [12, 4, 14, 6], "rotation": 90, "texture": "#2"},
				"south": {"uv": [12, 4, 14, 6], "texture": "#2"},
				"west": {"uv": [12, 4, 14, 6], "rotation": 270, "texture": "#2"},
				"up": {"uv": [12, 4, 14, 6], "texture": "#2"},
				"down": {"uv": [12, 6, 14, 4], "texture": "#2"}
			}
		},
		{
			"name": "Untitled-3_23",
			"from": [14, 0, 20],
			"to": [16, 2, 22],
			"faces": {
				"north": {"uv": [16, 4, 14, 6], "texture": "#2"},
				"east": {"uv": [14, 4, 16, 6], "rotation": 90, "texture": "#2"},
				"south": {"uv": [14, 4, 16, 6], "texture": "#2"},
				"west": {"uv": [14, 4, 16, 6], "rotation": 270, "texture": "#2"},
				"up": {"uv": [14, 4, 16, 6], "texture": "#2"},
				"down": {"uv": [14, 6, 16, 4], "texture": "#2"}
			}
		},
		{
			"name": "Untitled-3_24",
			"from": [0, 0, 22],
			"to": [2, 2, 24],
			"faces": {
				"north": {"uv": [2, 6, 0, 8], "texture": "#2"},
				"east": {"uv": [0, 6, 2, 8], "rotation": 90, "texture": "#2"},
				"south": {"uv": [0, 6, 2, 8], "texture": "#2"},
				"west": {"uv": [0, 6, 2, 8], "rotation": 270, "texture": "#2"},
				"up": {"uv": [0, 6, 2, 8], "texture": "#2"},
				"down": {"uv": [0, 8, 2, 6], "texture": "#2"}
			}
		},
		{
			"name": "Untitled-3_25",
			"from": [2, 0, 22],
			"to": [4, 2, 24],
			"faces": {
				"north": {"uv": [4, 6, 2, 8], "texture": "#2"},
				"east": {"uv": [2, 6, 4, 8], "rotation": 90, "texture": "#2"},
				"south": {"uv": [2, 6, 4, 8], "texture": "#2"},
				"west": {"uv": [2, 6, 4, 8], "rotation": 270, "texture": "#2"},
				"up": {"uv": [2, 6, 4, 8], "texture": "#2"},
				"down": {"uv": [2, 8, 4, 6], "texture": "#2"}
			}
		},
		{
			"name": "Untitled-3_26",
			"from": [4, 0, 22],
			"to": [6, 2, 24],
			"faces": {
				"north": {"uv": [6, 6, 4, 8], "texture": "#2"},
				"east": {"uv": [4, 6, 6, 8], "rotation": 90, "texture": "#2"},
				"south": {"uv": [4, 6, 6, 8], "texture": "#2"},
				"west": {"uv": [4, 6, 6, 8], "rotation": 270, "texture": "#2"},
				"up": {"uv": [4, 6, 6, 8], "texture": "#2"},
				"down": {"uv": [4, 8, 6, 6], "texture": "#2"}
			}
		},
		{
			"name": "Untitled-3_27",
			"from": [6, 0, 22],
			"to": [8, 2, 24],
			"faces": {
				"north": {"uv": [8, 6, 6, 8], "texture": "#2"},
				"east": {"uv": [6, 6, 8, 8], "rotation": 90, "texture": "#2"},
				"south": {"uv": [6, 6, 8, 8], "texture": "#2"},
				"west": {"uv": [6, 6, 8, 8], "rotation": 270, "texture": "#2"},
				"up": {"uv": [6, 6, 8, 8], "texture": "#2"},
				"down": {"uv": [6, 8, 8, 6], "texture": "#2"}
			}
		},
		{
			"name": "Untitled-3_28",
			"from": [8, 0, 22],
			"to": [10, 2, 24],
			"faces": {
				"north": {"uv": [10, 6, 8, 8], "texture": "#2"},
				"east": {"uv": [8, 6, 10, 8], "rotation": 90, "texture": "#2"},
				"south": {"uv": [8, 6, 10, 8], "texture": "#2"},
				"west": {"uv": [8, 6, 10, 8], "rotation": 270, "texture": "#2"},
				"up": {"uv": [8, 6, 10, 8], "texture": "#2"},
				"down": {"uv": [8, 8, 10, 6], "texture": "#2"}
			}
		},
		{
			"name": "Untitled-3_29",
			"from": [10, 0, 22],
			"to": [12, 2, 24],
			"faces": {
				"north": {"uv": [12, 6, 10, 8], "texture": "#2"},
				"east": {"uv": [10, 6, 12, 8], "rotation": 90, "texture": "#2"},
				"south": {"uv": [10, 6, 12, 8], "texture": "#2"},
				"west": {"uv": [10, 6, 12, 8], "rotation": 270, "texture": "#2"},
				"up": {"uv": [10, 6, 12, 8], "texture": "#2"},
				"down": {"uv": [10, 8, 12, 6], "texture": "#2"}
			}
		},
		{
			"name": "Untitled-3_30",
			"from": [12, 0, 22],
			"to": [14, 2, 24],
			"faces": {
				"north": {"uv": [14, 6, 12, 8], "texture": "#2"},
				"east": {"uv": [12, 6, 14, 8], "rotation": 90, "texture": "#2"},
				"south": {"uv": [12, 6, 14, 8], "texture": "#2"},
				"west": {"uv": [12, 6, 14, 8], "rotation": 270, "texture": "#2"},
				"up": {"uv": [12, 6, 14, 8], "texture": "#2"},
				"down": {"uv": [12, 8, 14, 6], "texture": "#2"}
			}
		},
		{
			"name": "Untitled-3_31",
			"from": [14, 0, 22],
			"to": [16, 2, 24],
			"faces": {
				"north": {"uv": [16, 6, 14, 8], "texture": "#2"},
				"east": {"uv": [14, 6, 16, 8], "rotation": 90, "texture": "#2"},
				"south": {"uv": [14, 6, 16, 8], "texture": "#2"},
				"west": {"uv": [14, 6, 16, 8], "rotation": 270, "texture": "#2"},
				"up": {"uv": [14, 6, 16, 8], "texture": "#2"},
				"down": {"uv": [14, 8, 16, 6], "texture": "#2"}
			}
		},
		{
			"name": "Untitled-3_32",
			"from": [0, 0, 24],
			"to": [2, 2, 26],
			"faces": {
				"north": {"uv": [2, 8, 0, 10], "texture": "#2"},
				"east": {"uv": [0, 8, 2, 10], "rotation": 90, "texture": "#2"},
				"south": {"uv": [0, 8, 2, 10], "texture": "#2"},
				"west": {"uv": [0, 8, 2, 10], "rotation": 270, "texture": "#2"},
				"up": {"uv": [0, 8, 2, 10], "texture": "#2"},
				"down": {"uv": [0, 10, 2, 8], "texture": "#2"}
			}
		},
		{
			"name": "Untitled-3_33",
			"from": [2, 0, 24],
			"to": [4, 2, 26],
			"faces": {
				"north": {"uv": [4, 8, 2, 10], "texture": "#2"},
				"east": {"uv": [2, 8, 4, 10], "rotation": 90, "texture": "#2"},
				"south": {"uv": [2, 8, 4, 10], "texture": "#2"},
				"west": {"uv": [2, 8, 4, 10], "rotation": 270, "texture": "#2"},
				"up": {"uv": [2, 8, 4, 10], "texture": "#2"},
				"down": {"uv": [2, 10, 4, 8], "texture": "#2"}
			}
		},
		{
			"name": "Untitled-3_34",
			"from": [4, 0, 24],
			"to": [6, 2, 26],
			"faces": {
				"north": {"uv": [6, 8, 4, 10], "texture": "#2"},
				"east": {"uv": [4, 8, 6, 10], "rotation": 90, "texture": "#2"},
				"south": {"uv": [4, 8, 6, 10], "texture": "#2"},
				"west": {"uv": [4, 8, 6, 10], "rotation": 270, "texture": "#2"},
				"up": {"uv": [4, 8, 6, 10], "texture": "#2"},
				"down": {"uv": [4, 10, 6, 8], "texture": "#2"}
			}
		},
		{
			"name": "Untitled-3_35",
			"from": [6, 0, 24],
			"to": [8, 2, 26],
			"faces": {
				"north": {"uv": [8, 8, 6, 10], "texture": "#2"},
				"east": {"uv": [6, 8, 8, 10], "rotation": 90, "texture": "#2"},
				"south": {"uv": [6, 8, 8, 10], "texture": "#2"},
				"west": {"uv": [6, 8, 8, 10], "rotation": 270, "texture": "#2"},
				"up": {"uv": [6, 8, 8, 10], "texture": "#2"},
				"down": {"uv": [6, 10, 8, 8], "texture": "#2"}
			}
		},
		{
			"name": "Untitled-3_36",
			"from": [8, 0, 24],
			"to": [10, 2, 26],
			"faces": {
				"north": {"uv": [10, 8, 8, 10], "texture": "#2"},
				"east": {"uv": [8, 8, 10, 10], "rotation": 90, "texture": "#2"},
				"south": {"uv": [8, 8, 10, 10], "texture": "#2"},
				"west": {"uv": [8, 8, 10, 10], "rotation": 270, "texture": "#2"},
				"up": {"uv": [8, 8, 10, 10], "texture": "#2"},
				"down": {"uv": [8, 10, 10, 8], "texture": "#2"}
			}
		},
		{
			"name": "Untitled-3_37",
			"from": [10, 0, 24],
			"to": [12, 2, 26],
			"faces": {
				"north": {"uv": [12, 8, 10, 10], "texture": "#2"},
				"east": {"uv": [10, 8, 12, 10], "rotation": 90, "texture": "#2"},
				"south": {"uv": [10, 8, 12, 10], "texture": "#2"},
				"west": {"uv": [10, 8, 12, 10], "rotation": 270, "texture": "#2"},
				"up": {"uv": [10, 8, 12, 10], "texture": "#2"},
				"down": {"uv": [10, 10, 12, 8], "texture": "#2"}
			}
		},
		{
			"name": "Untitled-3_38",
			"from": [12, 0, 24],
			"to": [14, 2, 26],
			"faces": {
				"north": {"uv": [14, 8, 12, 10], "texture": "#2"},
				"east": {"uv": [12, 8, 14, 10], "rotation": 90, "texture": "#2"},
				"south": {"uv": [12, 8, 14, 10], "texture": "#2"},
				"west": {"uv": [12, 8, 14, 10], "rotation": 270, "texture": "#2"},
				"up": {"uv": [12, 8, 14, 10], "texture": "#2"},
				"down": {"uv": [12, 10, 14, 8], "texture": "#2"}
			}
		},
		{
			"name": "Untitled-3_39",
			"from": [14, 0, 24],
			"to": [16, 2, 26],
			"faces": {
				"north": {"uv": [16, 8, 14, 10], "texture": "#2"},
				"east": {"uv": [14, 8, 16, 10], "rotation": 90, "texture": "#2"},
				"south": {"uv": [14, 8, 16, 10], "texture": "#2"},
				"west": {"uv": [14, 8, 16, 10], "rotation": 270, "texture": "#2"},
				"up": {"uv": [14, 8, 16, 10], "texture": "#2"},
				"down": {"uv": [14, 10, 16, 8], "texture": "#2"}
			}
		}
	],
	"display": {
		"thirdperson_righthand": {
			"rotation": [-40, 0, -180],
			"translation": [-6, -26.75, -21.5],
			"scale": [0.5, 0.5, 0.5]
		},
		"head": {
			"rotation": [70, 0, 0],
			"translation": [0, -50.75, 12],
			"scale": [0.75, 0.75, 0.75]
		}
	},
	"groups": [
		{
			"name": "iceologerjpi_cape",
			"origin": [8, 8, 8],
			"children": []
		},
		{
			"name": "Untitled-1",
			"origin": [8, 8, 8],
			"children": [0, 1, 2, 3, 4, 5, 6, 7, 8, 9, 10, 11, 12, 13, 14, 15, 16, 17, 18, 19, 20, 21, 22, 23, 24, 25, 26, 27, 28, 29, 30, 31, 32, 33, 34, 35, 36, 37, 38, 39]
		},
		{
			"name": "Untitled-2",
			"origin": [8, 8, 8],
			"children": [40, 41, 42, 43, 44, 45, 46, 47, 48, 49, 50, 51, 52, 53, 54, 55, 56, 57, 58, 59, 60, 61, 62, 63, 64, 65, 66, 67, 68, 69, 70, 71, 72, 73, 74, 75, 76, 77, 78, 79, 80, 81, 82, 83, 84, 85, 86, 87]
		},
		{
			"name": "Untitled-3",
			"origin": [8, 8, 8],
			"children": [88, 89, 90, 91, 92, 93, 94, 95, 96, 97, 98, 99, 100, 101, 102, 103, 104, 105, 106, 107, 108, 109, 110, 111, 112, 113, 114, 115, 116, 117, 118, 119, 120, 121, 122, 123, 124, 125, 126, 127]
		}
	]
}