{
"parent": "item/handheld",
"textures": {
"layer0": "item/knowledge_book"
},

"overrides": [
{"predicate": {"custom_model_data":800}, "model": "johnpaulinso/ice_block"},
{"predicate": {"custom_model_data":801}, "model": "johnpaulinso/cape"},
{"predicate": {"custom_model_data":1200}, "model": "johnpaulinsofire/cape1"},
{"predicate": {"custom_model_data":1300}, "model": "johnpaulinsoearth/cape2"},
{"predicate": {"custom_model_data":1303}, "model": "johnpaulinsoearth/dirt"},
{"predicate": {"custom_model_data":1400}, "model": "johnpaulinsoair/cape3"}
]
}