{
	"credit": "Made by JohnPaulInso",
	"textures": {
		"0": "johnpaulinsotrident/dirt",
		"particle": "johnpaulinsotrident/dirt"
	},
	"elements": [
		{
			"from": [8, 2.75, 4],
			"to": [12, 6, 8],
			"rotation": {"angle": -22.5, "axis": "x", "origin": [14, 10, 17]},
			"faces": {
				"north": {"uv": [0, 0, 4, 3.25], "texture": "#0"},
				"east": {"uv": [0, 0, 4, 3.25], "texture": "#0"},
				"south": {"uv": [0, 0, 15, 13], "texture": "#0"},
				"west": {"uv": [0, 0, 9, 7], "texture": "#0"},
				"up": {"uv": [0, 0, 4, 4], "texture": "#0"},
				"down": {"uv": [0, 0, 4, 4], "texture": "#0"}
			}
		},
		{
			"from": [9.57813, -0.20312, 5.82813],
			"to": [12.84375, 3.09375, 9.14063],
			"rotation": {"angle": 22.5, "axis": "y", "origin": [14.84375, 7.09375, 18.82813]},
			"faces": {
				"north": {"uv": [0, 0, 3.26563, 3.29688], "texture": "#0"},
				"east": {"uv": [0, 0, 3.3125, 3.29688], "texture": "#0"},
				"south": {"uv": [0, 0, 15, 13], "texture": "#0"},
				"west": {"uv": [0, 0, 9, 7], "texture": "#0"},
				"up": {"uv": [0, 0, 3.26563, 3.3125], "texture": "#0"},
				"down": {"uv": [0, 0, 3.26563, 3.3125], "texture": "#0"}
			}
		},
		{
			"from": [2.07813, -0.90625, 5.39063],
			"to": [6.07813, 3.09375, 9.39063],
			"rotation": {"angle": -22.5, "axis": "y", "origin": [8.07813, 7.09375, 18.39063]},
			"faces": {
				"north": {"uv": [0, 0, 4, 4], "texture": "#0"},
				"east": {"uv": [0, 0, 4, 4], "texture": "#0"},
				"south": {"uv": [0, 0, 15, 13], "texture": "#0"},
				"west": {"uv": [0, 0, 9, 7], "texture": "#0"},
				"up": {"uv": [0, 0, 4, 4], "texture": "#0"},
				"down": {"uv": [0, 0, 4, 4], "texture": "#0"}
			}
		},
		{
			"from": [6.125, 3.20313, 6.14063],
			"to": [9.15625, 5.67188, 9.39063],
			"rotation": {"angle": 0, "axis": "y", "origin": [12.125, 10.09375, 18.39063]},
			"faces": {
				"north": {"uv": [0, 0, 3.03125, 2.46875], "texture": "#0"},
				"east": {"uv": [0, 0, 3.25, 2.46875], "texture": "#0"},
				"south": {"uv": [0, 0, 15, 13], "texture": "#0"},
				"west": {"uv": [0, 0, 9, 7], "texture": "#0"},
				"up": {"uv": [0, 0, 3.03125, 3.25], "texture": "#0"},
				"down": {"uv": [0, 0, 3.03125, 3.25], "texture": "#0"}
			}
		},
		{
			"from": [11.21875, 0.04688, 6.14063],
			"to": [13.25, 2.51563, 9.39063],
			"rotation": {"angle": -22.5, "axis": "z", "origin": [16.21875, 6.9375, 18.39063]},
			"faces": {
				"north": {"uv": [0, 0, 2.03125, 2.46875], "texture": "#0"},
				"east": {"uv": [0, 0, 3.25, 2.46875], "texture": "#0"},
				"south": {"uv": [0, 0, 15, 13], "texture": "#0"},
				"west": {"uv": [0, 0, 9, 7], "texture": "#0"},
				"up": {"uv": [0, 0, 2.03125, 3.25], "texture": "#0"},
				"down": {"uv": [0, 0, 2.03125, 3.25], "texture": "#0"}
			}
		},
		{
			"from": [-0.03125, 6.73438, 7.625],
			"to": [0.73438, 11.625, 8.8125],
			"rotation": {"angle": -45, "axis": "y", "origin": [4.96875, 13.625, 18.39063]},
			"faces": {
				"north": {"uv": [0, 0, 0.76563, 4.89063], "texture": "#0"},
				"east": {"uv": [0, 0, 1.1875, 4.89063], "texture": "#0"},
				"south": {"uv": [0, 0, 15, 13], "texture": "#0"},
				"west": {"uv": [0, 0, 9, 7], "texture": "#0"},
				"up": {"uv": [0, 0, 0.76563, 1.1875], "texture": "#0"},
				"down": {"uv": [0, 0, 0.76563, 1.1875], "texture": "#0"}
			}
		},
		{
			"from": [7.40625, 2.64063, 9.5625],
			"to": [10.65625, 5.10938, 11.59375],
			"rotation": {"angle": 0, "axis": "y", "origin": [-1.59375, 9.53125, 14.5625]},
			"faces": {
				"north": {"uv": [0, 0, 3.25, 2.46875], "texture": "#0"},
				"east": {"uv": [0, 0, 2.03125, 2.46875], "texture": "#0"},
				"south": {"uv": [0, 0, 15, 13], "texture": "#0"},
				"west": {"uv": [0, 0, 9, 7], "texture": "#0"},
				"up": {"uv": [0, 0, 2.03125, 3.25], "rotation": 90, "texture": "#0"},
				"down": {"uv": [0, 0, 2.03125, 3.25], "rotation": 270, "texture": "#0"}
			}
		},
		{
			"from": [7.92188, 5.54688, 6.60938],
			"to": [9.65625, 8.01563, 8.64063],
			"rotation": {"angle": -22.5, "axis": "x", "origin": [-1.59375, 12.4375, 11.60938]},
			"faces": {
				"north": {"uv": [0, 0, 1.73438, 2.46875], "texture": "#0"},
				"east": {"uv": [0, 0, 2.03125, 2.46875], "texture": "#0"},
				"south": {"uv": [0, 0, 15, 13], "texture": "#0"},
				"west": {"uv": [0, 0, 9, 7], "texture": "#0"},
				"up": {"uv": [0, 0, 2.03125, 1.73438], "rotation": 90, "texture": "#0"},
				"down": {"uv": [0, 0, 2.03125, 1.73438], "rotation": 270, "texture": "#0"}
			}
		},
		{
			"from": [6.45313, 3.54688, 6.60938],
			"to": [8.1875, 8.01563, 8.64063],
			"rotation": {"angle": -22.5, "axis": "x", "origin": [-3.0625, 10.4375, 11.60938]},
			"faces": {
				"north": {"uv": [0, 0, 1.73438, 4.46875], "texture": "#0"},
				"east": {"uv": [0, 0, 2.03125, 4.46875], "texture": "#0"},
				"south": {"uv": [0, 0, 15, 13], "texture": "#0"},
				"west": {"uv": [0, 0, 9, 7], "texture": "#0"},
				"up": {"uv": [0, 0, 2.03125, 1.73438], "rotation": 90, "texture": "#0"},
				"down": {"uv": [0, 0, 2.03125, 1.73438], "rotation": 270, "texture": "#0"}
			}
		},
		{
			"from": [7.40625, 4.64063, 3.875],
			"to": [9.65625, 7.10938, 5.90625],
			"rotation": {"angle": -22.5, "axis": "y", "origin": [-1.59375, 11.53125, 8.875]},
			"faces": {
				"north": {"uv": [0, 0, 2.25, 2.46875], "texture": "#0"},
				"east": {"uv": [0, 0, 2.03125, 2.46875], "texture": "#0"},
				"south": {"uv": [0, 0, 15, 13], "texture": "#0"},
				"west": {"uv": [0, 0, 9, 7], "texture": "#0"},
				"up": {"uv": [0, 0, 2.03125, 2.25], "rotation": 90, "texture": "#0"},
				"down": {"uv": [0, 0, 2.03125, 2.25], "rotation": 270, "texture": "#0"}
			}
		},
		{
			"from": [7.40625, 3.64063, 1.875],
			"to": [9.65625, 6.10938, 3.90625],
			"rotation": {"angle": -22.5, "axis": "y", "origin": [-1.59375, 10.53125, 6.875]},
			"faces": {
				"north": {"uv": [0, 0, 2.25, 2.46875], "texture": "#0"},
				"east": {"uv": [0, 0, 2.03125, 2.46875], "texture": "#0"},
				"south": {"uv": [0, 0, 15, 13], "texture": "#0"},
				"west": {"uv": [0, 0, 9, 7], "texture": "#0"},
				"up": {"uv": [0, 0, 2.03125, 2.25], "rotation": 90, "texture": "#0"},
				"down": {"uv": [0, 0, 2.03125, 2.25], "rotation": 270, "texture": "#0"}
			}
		},
		{
			"from": [8.40625, 5.92188, 2.875],
			"to": [9.65625, 7.375, 3.90625],
			"rotation": {"angle": -22.5, "axis": "y", "origin": [-1.59375, 12.8125, 6.875]},
			"faces": {
				"north": {"uv": [0, 0, 1.25, 1.45313], "texture": "#0"},
				"east": {"uv": [0, 0, 1.03125, 1.45313], "texture": "#0"},
				"south": {"uv": [0, 0, 15, 13], "texture": "#0"},
				"west": {"uv": [0, 0, 9, 7], "texture": "#0"},
				"up": {"uv": [0, 0, 1.03125, 1.25], "rotation": 90, "texture": "#0"},
				"down": {"uv": [0, 0, 1.03125, 1.25], "rotation": 270, "texture": "#0"}
			}
		},
		{
			"from": [8.93088, 7.42188, 7.51874],
			"to": [10.18088, 11.09375, 8.54999],
			"rotation": {"angle": -45, "axis": "y", "origin": [9.55588, 7.89844, 8.03437]},
			"faces": {
				"north": {"uv": [0, 0, 1.25, 3.67188], "texture": "#0"},
				"east": {"uv": [0, 0, 1.03125, 3.67188], "texture": "#0"},
				"south": {"uv": [0, 0, 15, 13], "texture": "#0"},
				"west": {"uv": [0, 0, 9, 7], "texture": "#0"},
				"up": {"uv": [0, 0, 1.03125, 1.25], "rotation": 90, "texture": "#0"},
				"down": {"uv": [0, 0, 1.03125, 1.25], "rotation": 270, "texture": "#0"}
			}
		},
		{
			"from": [8.8125, 7.92188, 6.0625],
			"to": [9.65625, 10.57813, 7.09375],
			"rotation": {"angle": -22.5, "axis": "x", "origin": [-1.59375, 14.8125, 10.0625]},
			"faces": {
				"north": {"uv": [0, 0, 0.84375, 2.65625], "texture": "#0"},
				"east": {"uv": [0, 0, 1.03125, 2.65625], "texture": "#0"},
				"south": {"uv": [0, 0, 15, 13], "texture": "#0"},
				"west": {"uv": [0, 0, 9, 7], "texture": "#0"},
				"up": {"uv": [0, 0, 1.03125, 0.84375], "rotation": 90, "texture": "#0"},
				"down": {"uv": [0, 0, 1.03125, 0.84375], "rotation": 270, "texture": "#0"}
			}
		},
		{
			"from": [10.0625, 3.99626, 7.23766],
			"to": [11.09375, 9.65251, 8.08141],
			"rotation": {"angle": 22.5, "axis": "z", "origin": [10.57813, 5.32438, 7.65953]},
			"faces": {
				"north": {"uv": [0, 0, 1.03125, 5.65625], "texture": "#0"},
				"east": {"uv": [0, 0, 0.84375, 5.65625], "texture": "#0"},
				"south": {"uv": [0, 0, 15, 13], "texture": "#0"},
				"west": {"uv": [0, 0, 9, 7], "texture": "#0"},
				"up": {"uv": [0, 0, 1.03125, 0.84375], "texture": "#0"},
				"down": {"uv": [0, 0, 1.03125, 0.84375], "texture": "#0"}
			}
		},
		{
			"from": [7.15625, 3.1875, 8.875],
			"to": [8.95313, 5.92188, 10.90625],
			"rotation": {"angle": 22.5, "axis": "x", "origin": [-2.29687, 10.07813, 13.875]},
			"faces": {
				"north": {"uv": [0, 0, 1.79688, 2.73438], "texture": "#0"},
				"east": {"uv": [0, 0, 2.03125, 2.73438], "texture": "#0"},
				"south": {"uv": [0, 0, 15, 13], "texture": "#0"},
				"west": {"uv": [0, 0, 9, 7], "texture": "#0"},
				"up": {"uv": [0, 0, 2.03125, 1.79688], "rotation": 90, "texture": "#0"},
				"down": {"uv": [0, 0, 2.03125, 1.79688], "rotation": 270, "texture": "#0"}
			}
		},
		{
			"from": [10.17188, 6.15625, 11.82813],
			"to": [11.42188, 10.25, 13.21875],
			"rotation": {"angle": 22.5, "axis": "y", "origin": [0.17188, 13.04688, 16.46875]},
			"faces": {
				"north": {"uv": [0, 0, 1.25, 4.09375], "texture": "#0"},
				"east": {"uv": [0, 0, 1.39063, 4.09375], "texture": "#0"},
				"south": {"uv": [0, 0, 15, 13], "texture": "#0"},
				"west": {"uv": [0, 0, 9, 7], "texture": "#0"},
				"up": {"uv": [0, 0, 1.39063, 1.25], "rotation": 90, "texture": "#0"},
				"down": {"uv": [0, 0, 1.39063, 1.25], "rotation": 270, "texture": "#0"}
			}
		},
		{
			"from": [7.84375, 8.64063, 3.23438],
			"to": [9.17188, 13.10938, 4.71875],
			"rotation": {"angle": -22.5, "axis": "y", "origin": [-1.59375, 15.53125, 7.92188]},
			"faces": {
				"north": {"uv": [0, 0, 1.32813, 4.46875], "texture": "#0"},
				"east": {"uv": [0, 0, 1.48438, 4.46875], "texture": "#0"},
				"south": {"uv": [0, 0, 15, 13], "texture": "#0"},
				"west": {"uv": [0, 0, 9, 7], "texture": "#0"},
				"up": {"uv": [0, 0, 1.48438, 1.32813], "rotation": 90, "texture": "#0"},
				"down": {"uv": [0, 0, 1.48438, 1.32813], "rotation": 270, "texture": "#0"}
			}
		},
		{
			"from": [7.89063, 13.14063, 3.64063],
			"to": [8.59375, 14.5625, 4.375],
			"rotation": {"angle": -22.5, "axis": "y", "origin": [-1.65625, 20.03125, 8.64063]},
			"faces": {
				"north": {"uv": [0, 0, 0.70313, 1.42188], "texture": "#0"},
				"east": {"uv": [0, 0, 0.73438, 1.42188], "texture": "#0"},
				"south": {"uv": [0, 0, 15, 13], "texture": "#0"},
				"west": {"uv": [0, 0, 9, 7], "texture": "#0"},
				"up": {"uv": [0, 0, 0.73438, 0.70313], "rotation": 90, "texture": "#0"},
				"down": {"uv": [0, 0, 0.73438, 0.70313], "rotation": 270, "texture": "#0"}
			}
		},
		{
			"from": [9.1288, 14.5, 7.96874],
			"to": [9.6288, 14.90625, 8.39062],
			"rotation": {"angle": 45, "axis": "z", "origin": [9.48036, 14.48438, 8.22656]},
			"faces": {
				"north": {"uv": [0, 0, 0.5, 0.40625], "texture": "#0"},
				"east": {"uv": [0, 0, 0.42188, 0.40625], "texture": "#0"},
				"south": {"uv": [0, 0, 15, 13], "texture": "#0"},
				"west": {"uv": [0, 0, 9, 7], "texture": "#0"},
				"up": {"uv": [0, 0, 0.42188, 0.5], "rotation": 90, "texture": "#0"},
				"down": {"uv": [0, 0, 0.42188, 0.5], "rotation": 270, "texture": "#0"}
			}
		},
		{
			"from": [7.40625, -0.15625, 10.95313],
			"to": [10.65625, 2.3125, 12.6875],
			"rotation": {"angle": 0, "axis": "y", "origin": [-1.59375, 6.73438, 15.95313]},
			"faces": {
				"north": {"uv": [0, 0, 3.25, 2.46875], "texture": "#0"},
				"east": {"uv": [0, 0, 1.73438, 2.46875], "texture": "#0"},
				"south": {"uv": [0, 0, 15, 13], "texture": "#0"},
				"west": {"uv": [0, 0, 9, 7], "texture": "#0"},
				"up": {"uv": [0, 0, 1.73438, 3.25], "rotation": 90, "texture": "#0"},
				"down": {"uv": [0, 0, 1.73438, 3.25], "rotation": 270, "texture": "#0"}
			}
		},
		{
			"from": [11.875, 2.09375, 12.3125],
			"to": [14.125, 4.5625, 14.34375],
			"rotation": {"angle": 22.5, "axis": "y", "origin": [1.875, 8.98438, 17.3125]},
			"faces": {
				"north": {"uv": [0, 0, 2.25, 2.46875], "texture": "#0"},
				"east": {"uv": [0, 0, 2.03125, 2.46875], "texture": "#0"},
				"south": {"uv": [0, 0, 15, 13], "texture": "#0"},
				"west": {"uv": [0, 0, 9, 7], "texture": "#0"},
				"up": {"uv": [0, 0, 2.03125, 2.25], "rotation": 90, "texture": "#0"},
				"down": {"uv": [0, 0, 2.03125, 2.25], "rotation": 270, "texture": "#0"}
			}
		}
	],
	"display": {
		"head": {
			"translation": [0, -12.5, 0],
			"scale": [4, 4, 4]
		}
	}
}